"","V1","V2","V3","V4","V5","V6","V7"
"1",1,7,15,44,49,NA,NA
"2",2,1,19,NA,NA,NA,NA
"3",3,1,19,NA,NA,NA,NA
"4",4,3,4,15,18,35,44
"5",5,2,4,7,9,23,NA
"6",6,14,21,44,NA,NA,NA
"7",7,4,12,31,36,44,48
"8",8,15,27,28,NA,NA,NA
"9",9,2,28,NA,NA,NA,NA
"10",10,3,18,35,NA,NA,NA
"11",11,23,24,40,41,43,NA
"12",12,20,43,48,NA,NA,NA
"13",13,49,NA,NA,NA,NA,NA
"14",14,1,19,26,NA,NA,NA
"15",15,5,22,39,NA,NA,NA
"16",16,16,32,45,NA,NA,NA
"17",17,4,6,9,10,16,22
"18",18,1,19,23,NA,NA,NA
"19",19,7,11,37,45,NA,NA
"20",20,3,18,32,35,NA,NA
"21",21,1,8,19,47,NA,NA
"22",22,34,39,44,NA,NA,NA
"23",23,13,19,NA,NA,NA,NA
"24",24,4,9,38,NA,NA,NA
"25",25,7,22,48,NA,NA,NA
"26",26,7,11,14,NA,NA,NA
"27",27,23,24,40,41,43,NA
"28",28,9,14,NA,NA,NA,NA
"29",29,0,2,42,NA,NA,NA
"30",30,13,35,NA,NA,NA,NA
"31",31,23,NA,NA,NA,NA,NA
"32",32,8,21,25,38,NA,NA
"33",33,4,46,NA,NA,NA,NA
"34",34,23,24,40,41,43,NA
"35",35,4,17,29,47,NA,NA
"36",36,12,31,36,NA,NA,NA
"37",37,14,22,26,37,44,NA
"38",38,0,16,30,32,45,47
"39",39,1,11,19,25,27,29
"40",46,NA,NA,NA,NA,NA,NA
"41",40,15,16,18,21,26,NA
"42",41,4,10,14,NA,NA,NA
"43",42,3,36,NA,NA,NA,NA
"44",43,23,27,28,NA,NA,NA
"45",44,15,21,40,NA,NA,NA
"46",45,10,19,25,32,NA,NA
"47",46,11,22,44,NA,NA,NA
"48",47,8,NA,NA,NA,NA,NA
"49",48,0,2,46,NA,NA,NA
"50",49,33,42,NA,NA,NA,NA
"51",50,28,39,NA,NA,NA,NA
"52",51,7,17,28,NA,NA,NA
"53",52,1,19,NA,NA,NA,NA
"54",53,32,34,NA,NA,NA,NA
"55",54,0,2,46,NA,NA,NA
"56",55,15,30,45,NA,NA,NA
"57",56,39,49,NA,NA,NA,NA
"58",57,46,NA,NA,NA,NA,NA
"59",58,4,9,19,NA,NA,NA
"60",59,0,2,16,19,46,NA
"61",60,17,21,40,NA,NA,NA
"62",61,2,4,6,9,39,NA
"63",62,23,24,40,41,43,NA
"64",63,13,27,28,NA,NA,NA
"65",64,40,NA,NA,NA,NA,NA
"66",65,12,14,44,NA,NA,NA
"67",66,27,28,NA,NA,NA,NA
"68",67,1,36,NA,NA,NA,NA
"69",68,12,31,36,48,NA,NA
"70",69,3,18,35,NA,NA,NA
"71",70,5,12,16,NA,NA,NA
"72",71,30,49,NA,NA,NA,NA
"73",72,7,29,30,NA,NA,NA
"74",73,17,19,30,NA,NA,NA
"75",74,1,13,36,NA,NA,NA
"76",75,19,33,49,NA,NA,NA
"77",76,1,5,14,38,NA,NA
"78",77,31,NA,NA,NA,NA,NA
"79",78,1,5,8,14,22,26
"80",79,7,27,30,36,37,43
"81",80,13,35,42,NA,NA,NA
"82",81,5,22,32,NA,NA,NA
"83",82,7,11,20,28,37,45
"84",83,23,24,40,41,NA,NA
"85",84,3,5,14,22,36,NA
"86",85,12,31,36,48,NA,NA
"87",86,45,NA,NA,NA,NA,NA
"88",87,12,31,36,48,NA,NA
"89",88,14,44,NA,NA,NA,NA
"90",89,5,19,22,34,43,NA
"91",90,0,2,45,46,NA,NA
"92",91,16,32,45,47,48,NA
"93",92,1,48,NA,NA,NA,NA
"94",93,1,3,18,35,NA,NA
"95",94,7,11,37,45,NA,NA
"96",95,16,26,32,41,45,NA
"97",96,1,29,30,NA,NA,NA
"98",97,1,19,NA,NA,NA,NA
"99",98,1,NA,NA,NA,NA,NA
"100",99,14,22,37,NA,NA,NA
"101",100,22,34,40,NA,NA,NA
"102",101,31,NA,NA,NA,NA,NA
"103",102,16,17,43,NA,NA,NA
"104",103,8,19,20,48,NA,NA
"105",104,1,12,15,27,31,34
"106",36,48,NA,NA,NA,NA,NA
"107",105,3,40,45,NA,NA,NA
"108",106,13,18,21,41,47,48
"109",107,3,18,22,27,NA,NA
"110",108,6,16,17,31,33,42
"111",109,5,22,27,35,NA,NA
"112",110,7,15,49,NA,NA,NA
"113",111,6,12,26,29,31,32
"114",36,48,NA,NA,NA,NA,NA
"115",112,11,13,14,44,NA,NA
"116",113,23,33,35,NA,NA,NA
"117",114,5,8,18,29,46,NA
"118",115,41,NA,NA,NA,NA,NA
"119",116,1,3,8,27,28,NA
"120",117,1,11,19,33,NA,NA
"121",118,23,24,40,41,NA,NA
"122",119,16,18,23,27,29,30
"123",40,49,NA,NA,NA,NA,NA
"124",120,14,18,44,NA,NA,NA
"125",121,0,2,46,NA,NA,NA
"126",122,3,18,35,NA,NA,NA
"127",123,12,31,36,48,NA,NA
"128",124,7,11,20,29,37,45
"129",125,2,24,27,NA,NA,NA
"130",126,5,13,22,NA,NA,NA
"131",127,22,42,46,47,NA,NA
"132",128,39,41,NA,NA,NA,NA
"133",129,13,23,NA,NA,NA,NA
"134",130,1,24,40,42,NA,NA
"135",131,14,20,26,44,NA,NA
"136",132,12,31,36,48,NA,NA
"137",133,7,21,27,28,33,36
"138",47,NA,NA,NA,NA,NA,NA
"139",134,17,29,47,NA,NA,NA
"140",135,12,31,36,NA,NA,NA
"141",136,4,9,11,NA,NA,NA
"142",137,3,11,14,18,29,35
"143",138,20,33,42,NA,NA,NA
"144",139,22,44,46,NA,NA,NA
"145",140,5,6,16,22,33,38
"146",49,NA,NA,NA,NA,NA,NA
"147",141,0,2,12,24,26,31
"148",46,NA,NA,NA,NA,NA,NA
"149",142,0,6,25,NA,NA,NA
"150",143,5,19,22,NA,NA,NA
"151",144,11,13,14,35,48,NA
"152",145,17,29,35,44,47,NA
"153",146,7,15,NA,NA,NA,NA
"154",147,5,22,NA,NA,NA,NA
"155",148,0,1,2,46,NA,NA
"156",149,4,9,18,41,NA,NA
"157",150,1,12,18,19,39,NA
"158",151,0,2,19,22,46,NA
"159",152,33,37,42,NA,NA,NA
"160",153,0,2,37,46,NA,NA
"161",154,11,18,35,45,NA,NA
"162",155,4,9,15,NA,NA,NA
"163",156,19,24,28,35,49,NA
"164",157,5,22,37,NA,NA,NA
"165",158,0,2,5,19,33,35
"166",39,46,NA,NA,NA,NA,NA
"167",159,3,4,5,48,NA,NA
"168",160,4,6,18,28,35,NA
"169",161,3,18,31,35,NA,NA
"170",162,6,17,25,49,NA,NA
"171",163,17,NA,NA,NA,NA,NA
"172",164,3,8,9,20,22,23
"173",42,NA,NA,NA,NA,NA,NA
"174",165,4,15,17,21,26,36
"175",48,NA,NA,NA,NA,NA,NA
"176",166,14,41,44,NA,NA,NA
"177",167,19,28,42,NA,NA,NA
"178",168,4,9,NA,NA,NA,NA
"179",169,13,31,33,41,42,NA
"180",170,5,22,28,NA,NA,NA
"181",171,0,16,32,NA,NA,NA
"182",172,5,28,43,NA,NA,NA
"183",173,24,36,37,42,NA,NA
"184",174,31,NA,NA,NA,NA,NA
"185",175,40,42,NA,NA,NA,NA
"186",176,11,34,48,NA,NA,NA
"187",177,14,28,40,43,NA,NA
"188",178,0,13,26,NA,NA,NA
"189",179,16,32,45,NA,NA,NA
"190",180,10,14,44,46,NA,NA
"191",181,4,7,9,19,36,NA
"192",182,23,24,40,41,43,NA
"193",183,4,9,37,NA,NA,NA
"194",184,5,22,31,NA,NA,NA
"195",185,21,24,29,NA,NA,NA
"196",186,0,6,22,46,NA,NA
"197",187,3,18,21,35,39,46
"198",188,12,31,36,38,48,NA
"199",189,28,NA,NA,NA,NA,NA
"200",190,23,24,40,41,43,NA
"201",191,12,24,NA,NA,NA,NA
"202",192,6,27,28,NA,NA,NA
"203",193,23,24,40,41,43,NA
"204",194,27,28,NA,NA,NA,NA
"205",195,5,14,16,22,NA,NA
"206",196,5,22,NA,NA,NA,NA
"207",197,27,28,44,47,NA,NA
"208",198,5,22,NA,NA,NA,NA
"209",199,0,2,46,NA,NA,NA
"210",200,0,10,30,NA,NA,NA
"211",201,15,33,42,NA,NA,NA
"212",202,4,9,40,NA,NA,NA
"213",203,1,36,NA,NA,NA,NA
"214",204,23,24,40,41,NA,NA
"215",205,25,27,28,32,NA,NA
"216",206,7,11,37,45,NA,NA
"217",207,20,48,NA,NA,NA,NA
"218",208,7,11,37,45,NA,NA
"219",209,9,27,28,NA,NA,NA
"220",210,7,11,37,NA,NA,NA
"221",211,1,2,9,22,48,NA
"222",212,7,27,39,45,NA,NA
"223",213,1,6,8,15,18,19
"224",21,42,NA,NA,NA,NA,NA
"225",214,23,24,40,41,NA,NA
"226",215,4,14,20,32,36,44
"227",216,16,32,45,NA,NA,NA
"228",217,18,26,42,45,NA,NA
"229",218,2,11,23,NA,NA,NA
"230",219,11,15,35,NA,NA,NA
"231",220,31,39,43,45,46,NA
"232",221,0,2,28,40,46,NA
"233",222,13,24,26,35,39,47
"234",223,7,21,23,30,36,NA
"235",224,23,40,47,NA,NA,NA
"236",225,5,22,NA,NA,NA,NA
"237",226,1,5,19,30,NA,NA
"238",227,7,15,49,NA,NA,NA
"239",228,7,11,37,45,NA,NA
"240",229,23,31,34,45,NA,NA
"241",230,7,29,48,NA,NA,NA
"242",231,27,28,NA,NA,NA,NA
"243",232,24,44,NA,NA,NA,NA
"244",233,4,5,9,39,NA,NA
"245",234,5,22,25,28,34,46
"246",235,23,32,48,NA,NA,NA
"247",236,16,42,NA,NA,NA,NA
"248",237,5,22,NA,NA,NA,NA
"249",238,4,9,15,25,NA,NA
"250",239,1,12,16,17,19,26
"251",48,NA,NA,NA,NA,NA,NA
"252",240,1,3,16,19,35,NA
"253",241,11,12,NA,NA,NA,NA
"254",242,4,9,10,12,45,NA
"255",243,12,31,36,46,48,NA
"256",244,17,28,47,NA,NA,NA
"257",245,3,18,35,NA,NA,NA
"258",246,4,9,NA,NA,NA,NA
"259",247,7,11,37,45,NA,NA
"260",248,5,12,22,NA,NA,NA
"261",249,6,14,38,48,NA,NA
"262",250,9,10,34,36,42,NA
"263",251,3,18,35,NA,NA,NA
"264",252,3,NA,NA,NA,NA,NA
"265",253,14,27,NA,NA,NA,NA
"266",254,0,1,19,NA,NA,NA
"267",255,3,18,24,35,NA,NA
"268",256,12,31,36,48,NA,NA
"269",257,19,31,41,NA,NA,NA
"270",258,1,11,14,32,34,35
"271",259,5,14,28,39,49,NA
"272",260,9,14,21,46,NA,NA
"273",261,6,NA,NA,NA,NA,NA
"274",262,5,22,31,NA,NA,NA
"275",263,11,40,NA,NA,NA,NA
"276",264,0,2,46,NA,NA,NA
"277",265,23,24,40,41,43,NA
"278",266,3,14,23,44,NA,NA
"279",267,18,22,42,49,NA,NA
"280",268,3,24,NA,NA,NA,NA
"281",269,12,31,36,48,NA,NA
"282",270,20,25,27,NA,NA,NA
"283",271,15,30,39,NA,NA,NA
"284",272,7,15,49,NA,NA,NA
"285",273,12,31,36,48,NA,NA
"286",274,16,18,32,42,NA,NA
"287",275,27,31,33,42,NA,NA
"288",276,5,9,22,43,NA,NA
"289",277,2,4,36,40,41,48
"290",278,19,28,30,32,NA,NA
"291",279,2,31,39,44,NA,NA
"292",280,1,2,19,21,23,28
"293",45,NA,NA,NA,NA,NA,NA
"294",281,7,10,14,16,23,32
"295",45,NA,NA,NA,NA,NA,NA
"296",282,4,9,14,36,44,NA
"297",283,21,29,NA,NA,NA,NA
"298",284,9,13,17,46,NA,NA
"299",285,38,39,NA,NA,NA,NA
"300",286,1,8,19,NA,NA,NA
"301",287,0,33,42,NA,NA,NA
"302",288,2,33,36,47,NA,NA
"303",289,12,31,36,NA,NA,NA
"304",290,28,NA,NA,NA,NA,NA
"305",291,16,27,28,NA,NA,NA
"306",292,7,15,49,NA,NA,NA
"307",293,8,21,24,33,34,40
"308",42,44,NA,NA,NA,NA,NA
"309",294,1,14,26,32,41,NA
"310",295,23,33,42,NA,NA,NA
"311",296,14,21,23,24,NA,NA
"312",297,0,2,46,NA,NA,NA
"313",298,11,29,NA,NA,NA,NA
"314",299,1,23,33,42,47,NA
"315",300,16,32,45,NA,NA,NA
"316",301,3,4,9,33,37,43
"317",302,19,25,30,43,46,NA
"318",303,0,2,46,NA,NA,NA
"319",304,16,17,34,NA,NA,NA
"320",305,5,21,22,25,27,31
"321",42,NA,NA,NA,NA,NA,NA
"322",306,5,12,16,31,36,NA
"323",307,8,22,42,NA,NA,NA
"324",308,3,27,36,NA,NA,NA
"325",309,16,32,45,NA,NA,NA
"326",310,12,31,36,48,NA,NA
"327",311,5,22,NA,NA,NA,NA
"328",312,7,11,37,45,NA,NA
"329",313,9,13,20,21,24,39
"330",41,45,NA,NA,NA,NA,NA
"331",314,1,9,15,24,37,NA
"332",315,4,9,NA,NA,NA,NA
"333",316,18,35,45,NA,NA,NA
"334",317,0,2,46,NA,NA,NA
"335",318,5,10,14,47,NA,NA
"336",319,1,4,10,14,25,36
"337",49,NA,NA,NA,NA,NA,NA
"338",320,12,34,NA,NA,NA,NA
"339",321,7,15,49,NA,NA,NA
"340",322,23,28,NA,NA,NA,NA
"341",323,1,19,NA,NA,NA,NA
"342",324,0,2,46,NA,NA,NA
"343",325,1,2,19,NA,NA,NA
"344",326,7,11,37,45,NA,NA
"345",327,29,33,38,45,48,NA
"346",328,4,9,24,NA,NA,NA
"347",329,1,19,23,30,44,NA
"348",330,5,13,NA,NA,NA,NA
"349",331,12,31,36,48,NA,NA
"350",332,0,2,46,NA,NA,NA
"351",333,5,14,20,24,28,31
"352",39,46,NA,NA,NA,NA,NA
"353",334,4,9,13,33,43,46
"354",335,5,14,22,29,NA,NA
"355",336,2,8,10,19,35,45
"356",337,14,24,34,44,NA,NA
"357",338,5,22,28,30,47,NA
"358",339,0,28,47,NA,NA,NA
"359",340,7,15,49,NA,NA,NA
"360",341,5,9,28,41,NA,NA
"361",342,1,7,11,37,NA,NA
"362",343,26,NA,NA,NA,NA,NA
"363",344,44,NA,NA,NA,NA,NA
"364",345,0,2,46,NA,NA,NA
"365",346,5,10,26,30,NA,NA
"366",347,8,12,14,33,44,47
"367",348,3,4,27,42,NA,NA
"368",349,9,11,40,45,NA,NA
"369",350,3,4,9,11,12,47
"370",351,5,22,35,NA,NA,NA
"371",352,26,29,45,NA,NA,NA
"372",353,4,9,31,NA,NA,NA
"373",354,0,13,27,28,31,36
"374",355,17,32,47,NA,NA,NA
"375",356,1,31,41,NA,NA,NA
"376",357,14,43,44,NA,NA,NA
"377",358,18,35,NA,NA,NA,NA
"378",359,5,10,16,NA,NA,NA
"379",360,33,37,NA,NA,NA,NA
"380",361,4,30,31,NA,NA,NA
"381",362,9,14,25,NA,NA,NA
"382",363,14,44,NA,NA,NA,NA
"383",364,23,27,28,NA,NA,NA
"384",365,9,18,22,NA,NA,NA
"385",366,5,8,22,NA,NA,NA
"386",367,10,29,NA,NA,NA,NA
"387",368,3,15,16,20,33,45
"388",369,4,8,12,25,34,NA
"389",370,9,26,28,NA,NA,NA
"390",371,7,9,15,49,NA,NA
"391",372,3,48,49,NA,NA,NA
"392",373,5,21,30,31,43,NA
"393",374,4,9,NA,NA,NA,NA
"394",375,1,19,28,NA,NA,NA
"395",376,4,9,26,33,47,NA
"396",377,1,13,19,41,NA,NA
"397",378,15,18,41,NA,NA,NA
"398",379,14,28,48,NA,NA,NA
"399",380,5,22,47,NA,NA,NA
"400",381,49,NA,NA,NA,NA,NA
"401",382,7,15,49,NA,NA,NA
"402",383,8,28,47,NA,NA,NA
"403",384,8,25,29,NA,NA,NA
"404",385,0,4,10,21,NA,NA
"405",386,41,NA,NA,NA,NA,NA
"406",387,5,23,26,44,NA,NA
"407",388,25,NA,NA,NA,NA,NA
"408",389,4,9,NA,NA,NA,NA
"409",390,12,17,26,29,31,47
"410",391,3,18,35,NA,NA,NA
"411",392,7,11,34,37,45,NA
"412",393,9,13,18,23,25,33
"413",40,NA,NA,NA,NA,NA,NA
"414",394,15,NA,NA,NA,NA,NA
"415",395,5,17,22,40,48,NA
"416",396,23,33,46,NA,NA,NA
"417",397,7,15,49,NA,NA,NA
"418",398,16,32,45,NA,NA,NA
"419",399,7,15,49,NA,NA,NA
"420",400,1,48,NA,NA,NA,NA
"421",401,2,NA,NA,NA,NA,NA
"422",402,36,39,49,NA,NA,NA
"423",403,3,4,10,NA,NA,NA
"424",404,34,36,NA,NA,NA,NA
"425",405,7,17,34,35,46,NA
"426",406,5,22,NA,NA,NA,NA
"427",407,32,34,36,42,NA,NA
"428",408,14,46,NA,NA,NA,NA
"429",409,3,18,29,35,37,48
"430",410,27,33,42,NA,NA,NA
"431",411,27,28,NA,NA,NA,NA
"432",412,27,28,NA,NA,NA,NA
"433",413,4,9,13,21,NA,NA
"434",414,1,5,7,10,21,22
"435",30,31,NA,NA,NA,NA,NA
"436",415,7,15,49,NA,NA,NA
"437",416,4,5,14,23,42,NA
"438",417,17,29,47,NA,NA,NA
"439",418,30,NA,NA,NA,NA,NA
"440",419,5,33,42,NA,NA,NA
"441",420,27,28,31,NA,NA,NA
"442",421,7,15,49,NA,NA,NA
"443",422,16,32,45,NA,NA,NA
"444",423,1,2,8,25,32,NA
"445",424,12,13,NA,NA,NA,NA
"446",425,16,44,NA,NA,NA,NA
"447",426,0,17,24,NA,NA,NA
"448",427,26,NA,NA,NA,NA,NA
"449",428,4,10,27,28,43,NA
"450",429,14,NA,NA,NA,NA,NA
"451",430,4,19,47,NA,NA,NA
"452",431,33,42,NA,NA,NA,NA
"453",432,47,NA,NA,NA,NA,NA
"454",433,8,17,23,29,43,47
"455",434,0,5,33,46,NA,NA
"456",435,9,18,35,38,40,47
"457",436,2,4,11,39,NA,NA
"458",437,4,5,9,23,24,NA
"459",438,4,24,32,NA,NA,NA
"460",439,8,47,NA,NA,NA,NA
"461",440,2,19,NA,NA,NA,NA
"462",441,2,4,9,40,NA,NA
"463",442,0,2,46,NA,NA,NA
"464",443,11,19,33,42,NA,NA
"465",444,16,32,45,NA,NA,NA
"466",445,5,7,22,32,42,NA
"467",446,4,33,47,NA,NA,NA
"468",447,19,27,36,NA,NA,NA
"469",448,1,28,40,NA,NA,NA
"470",449,23,NA,NA,NA,NA,NA
"471",450,4,9,31,33,NA,NA
"472",451,4,28,47,NA,NA,NA
"473",452,25,27,34,49,NA,NA
"474",453,3,18,35,NA,NA,NA
"475",454,9,27,28,NA,NA,NA
"476",455,14,15,35,36,NA,NA
"477",456,14,27,28,NA,NA,NA
"478",457,12,16,34,NA,NA,NA
"479",458,0,2,13,18,24,36
"480",46,47,NA,NA,NA,NA,NA
"481",459,14,32,44,NA,NA,NA
"482",460,16,32,45,NA,NA,NA
"483",461,2,8,16,NA,NA,NA
"484",462,7,15,49,NA,NA,NA
"485",463,14,26,30,39,44,NA
"486",464,1,23,32,NA,NA,NA
"487",465,0,12,20,22,49,NA
"488",466,16,20,32,49,NA,NA
"489",467,23,24,40,41,NA,NA
"490",468,1,3,29,41,42,43
"491",46,NA,NA,NA,NA,NA,NA
"492",469,5,16,25,48,NA,NA
"493",470,17,29,47,NA,NA,NA
"494",471,11,16,32,45,NA,NA
"495",472,4,9,13,NA,NA,NA
"496",473,17,47,NA,NA,NA,NA
"497",474,11,32,NA,NA,NA,NA
"498",475,12,33,42,46,NA,NA
"499",476,23,24,40,41,NA,NA
"500",477,9,13,14,33,38,49
"501",478,14,15,26,47,NA,NA
"502",479,3,18,35,NA,NA,NA
"503",480,3,21,44,NA,NA,NA
"504",481,3,46,NA,NA,NA,NA
"505",482,9,NA,NA,NA,NA,NA
"506",483,16,24,30,31,48,NA
"507",484,19,NA,NA,NA,NA,NA
"508",485,33,42,NA,NA,NA,NA
"509",486,4,34,NA,NA,NA,NA
"510",487,23,24,40,41,43,NA
"511",488,5,22,NA,NA,NA,NA
"512",489,10,31,NA,NA,NA,NA
"513",490,4,17,40,47,NA,NA
"514",491,39,47,NA,NA,NA,NA
"515",492,14,15,31,NA,NA,NA
"516",493,5,26,33,42,44,NA
"517",494,13,30,38,NA,NA,NA
"518",495,2,3,18,35,47,NA
"519",496,12,31,36,48,NA,NA
"520",497,17,27,28,NA,NA,NA
"521",498,17,29,47,NA,NA,NA
"522",499,14,44,NA,NA,NA,NA
"523",500,0,2,46,NA,NA,NA
"524",501,0,21,33,39,NA,NA
"525",502,14,27,44,NA,NA,NA
"526",503,12,31,36,NA,NA,NA
"527",504,5,18,NA,NA,NA,NA
"528",505,7,11,37,45,NA,NA
"529",506,0,20,NA,NA,NA,NA
"530",507,23,30,NA,NA,NA,NA
"531",508,0,14,16,32,NA,NA
"532",509,8,NA,NA,NA,NA,NA
"533",510,13,26,27,28,46,NA
"534",511,4,9,12,17,37,NA
"535",512,10,20,37,NA,NA,NA
"536",513,3,7,11,21,23,NA
"537",514,21,31,32,NA,NA,NA
"538",515,0,1,5,23,32,42
"539",44,NA,NA,NA,NA,NA,NA
"540",516,0,2,46,NA,NA,NA
"541",517,34,37,47,NA,NA,NA
"542",518,16,28,32,45,NA,NA
"543",519,3,18,35,NA,NA,NA
"544",520,0,5,23,33,35,46
"545",48,NA,NA,NA,NA,NA,NA
"546",521,14,28,29,44,NA,NA
"547",522,13,15,24,NA,NA,NA
"548",523,8,22,23,NA,NA,NA
"549",524,11,14,26,28,41,43
"550",45,NA,NA,NA,NA,NA,NA
"551",525,22,39,NA,NA,NA,NA
"552",526,7,11,37,45,NA,NA
"553",527,0,2,15,16,22,35
"554",46,NA,NA,NA,NA,NA,NA
"555",528,41,42,NA,NA,NA,NA
"556",529,6,9,30,NA,NA,NA
"557",530,4,13,37,45,49,NA
"558",531,0,16,NA,NA,NA,NA
"559",532,14,27,28,37,48,NA
"560",533,13,28,NA,NA,NA,NA
"561",534,13,18,NA,NA,NA,NA
"562",535,14,29,31,35,41,49
"563",536,15,34,46,48,NA,NA
"564",537,15,28,NA,NA,NA,NA
"565",538,3,18,35,NA,NA,NA
"566",539,12,31,36,48,NA,NA
"567",540,33,35,42,NA,NA,NA
"568",541,16,32,45,NA,NA,NA
"569",542,7,9,15,43,NA,NA
"570",543,7,11,37,45,NA,NA
"571",544,12,31,36,48,NA,NA
"572",545,14,NA,NA,NA,NA,NA
"573",546,5,8,14,21,33,38
"574",547,0,3,10,38,40,NA
"575",548,10,14,18,47,NA,NA
"576",549,11,37,38,NA,NA,NA
"577",550,1,3,18,19,35,NA
"578",551,3,5,22,NA,NA,NA
"579",552,9,24,27,34,NA,NA
"580",553,4,7,9,NA,NA,NA
"581",554,0,12,35,NA,NA,NA
"582",555,28,29,37,NA,NA,NA
"583",556,9,11,28,33,41,NA
"584",557,14,44,NA,NA,NA,NA
"585",558,4,11,41,43,NA,NA
"586",559,17,47,NA,NA,NA,NA
"587",560,16,20,27,32,45,NA
"588",561,2,14,42,NA,NA,NA
"589",562,4,9,21,43,NA,NA
"590",563,17,29,47,NA,NA,NA
"591",564,23,28,33,42,NA,NA
"592",565,6,46,NA,NA,NA,NA
"593",566,3,18,35,NA,NA,NA
"594",567,5,9,14,18,40,NA
"595",568,4,9,34,NA,NA,NA
"596",569,13,14,43,44,NA,NA
"597",570,27,28,NA,NA,NA,NA
"598",571,16,32,NA,NA,NA,NA
"599",572,6,14,22,NA,NA,NA
"600",573,0,10,41,NA,NA,NA
"601",574,0,18,27,31,34,37
"602",39,47,NA,NA,NA,NA,NA
"603",575,5,7,22,NA,NA,NA
"604",576,4,7,NA,NA,NA,NA
"605",577,7,15,49,NA,NA,NA
"606",578,4,15,NA,NA,NA,NA
"607",579,1,16,18,20,25,29
"608",36,46,NA,NA,NA,NA,NA
"609",580,13,30,42,NA,NA,NA
"610",581,24,25,31,NA,NA,NA
"611",582,4,7,15,18,NA,NA
"612",583,5,22,NA,NA,NA,NA
"613",584,28,NA,NA,NA,NA,NA
"614",585,23,33,42,NA,NA,NA
"615",586,44,NA,NA,NA,NA,NA
"616",587,15,19,27,28,NA,NA
"617",588,0,11,18,23,47,NA
"618",589,5,22,NA,NA,NA,NA
"619",590,7,11,37,NA,NA,NA
"620",591,7,11,37,45,NA,NA
"621",592,6,16,33,39,42,NA
"622",593,23,24,40,41,NA,NA
"623",594,0,9,30,31,NA,NA
"624",595,1,32,48,NA,NA,NA
"625",596,2,27,28,43,NA,NA
"626",597,1,19,NA,NA,NA,NA
"627",598,35,NA,NA,NA,NA,NA
"628",599,3,10,18,35,NA,NA
"629",600,4,9,12,48,NA,NA
"630",601,1,6,19,NA,NA,NA
"631",602,7,15,49,NA,NA,NA
"632",603,20,22,27,NA,NA,NA
"633",604,13,NA,NA,NA,NA,NA
"634",605,15,16,26,NA,NA,NA
"635",606,3,18,35,NA,NA,NA
"636",607,19,NA,NA,NA,NA,NA
"637",608,5,22,NA,NA,NA,NA
"638",609,1,19,NA,NA,NA,NA
"639",610,12,36,37,39,NA,NA
"640",611,2,3,10,34,NA,NA
"641",612,30,44,NA,NA,NA,NA
"642",613,13,20,22,47,NA,NA
"643",614,4,12,26,45,NA,NA
"644",615,13,27,35,36,NA,NA
"645",616,0,2,46,NA,NA,NA
"646",617,7,10,NA,NA,NA,NA
"647",618,1,2,34,39,NA,NA
"648",619,7,11,37,45,NA,NA
"649",620,39,43,44,NA,NA,NA
"650",621,3,14,30,NA,NA,NA
"651",622,2,12,30,32,49,NA
"652",623,1,19,32,NA,NA,NA
"653",624,10,21,28,31,NA,NA
"654",625,9,17,27,28,45,NA
"655",626,10,11,16,32,NA,NA
"656",627,12,31,36,48,NA,NA
"657",628,3,18,29,35,40,NA
"658",629,23,24,40,41,43,NA
"659",630,14,17,29,44,47,NA
"660",631,38,NA,NA,NA,NA,NA
"661",632,0,2,46,NA,NA,NA
"662",633,3,18,20,35,NA,NA
"663",634,17,29,43,47,NA,NA
"664",635,0,6,19,26,43,NA
"665",636,3,18,35,NA,NA,NA
"666",637,5,21,26,27,28,39
"667",42,49,NA,NA,NA,NA,NA
"668",638,12,31,36,48,NA,NA
"669",639,0,2,30,46,47,NA
"670",640,5,22,33,NA,NA,NA
"671",641,14,33,42,NA,NA,NA
"672",642,0,30,43,46,NA,NA
"673",643,11,17,35,47,NA,NA
"674",644,0,2,46,NA,NA,NA
"675",645,16,32,45,NA,NA,NA
"676",646,20,37,39,42,NA,NA
"677",647,14,30,44,NA,NA,NA
"678",648,36,39,NA,NA,NA,NA
"679",649,1,17,25,37,41,49
"680",650,30,36,44,NA,NA,NA
"681",651,12,31,36,48,NA,NA
"682",652,24,27,28,34,39,45
"683",48,NA,NA,NA,NA,NA,NA
"684",653,0,37,46,NA,NA,NA
"685",654,18,25,44,NA,NA,NA
"686",655,4,9,NA,NA,NA,NA
"687",656,5,22,NA,NA,NA,NA
"688",657,33,42,NA,NA,NA,NA
"689",658,0,26,27,28,NA,NA
"690",659,5,NA,NA,NA,NA,NA
"691",660,2,22,33,42,NA,NA
"692",661,7,15,49,NA,NA,NA
"693",662,4,9,13,17,37,NA
"694",663,5,22,35,38,47,NA
"695",664,0,2,46,NA,NA,NA
"696",665,27,28,39,42,NA,NA
"697",666,12,31,36,48,NA,NA
"698",667,27,28,NA,NA,NA,NA
"699",668,16,32,45,49,NA,NA
"700",669,21,40,NA,NA,NA,NA
"701",670,5,22,48,NA,NA,NA
"702",671,23,33,39,42,45,NA
"703",672,1,7,25,NA,NA,NA
"704",673,33,42,NA,NA,NA,NA
"705",674,16,19,32,38,45,NA
"706",675,7,23,30,46,NA,NA
"707",676,42,NA,NA,NA,NA,NA
"708",677,2,10,23,42,NA,NA
"709",678,26,30,48,NA,NA,NA
"710",679,7,15,49,NA,NA,NA
"711",680,12,25,39,48,NA,NA
"712",681,16,17,33,47,49,NA
"713",682,49,NA,NA,NA,NA,NA
"714",683,27,45,NA,NA,NA,NA
"715",684,1,11,21,42,43,NA
"716",685,8,9,22,NA,NA,NA
"717",686,27,28,NA,NA,NA,NA
"718",687,0,2,26,43,46,NA
"719",688,16,32,45,NA,NA,NA
"720",689,10,22,39,NA,NA,NA
"721",690,7,11,14,18,23,NA
"722",691,5,22,43,NA,NA,NA
"723",692,17,23,29,47,NA,NA
"724",693,1,2,15,19,NA,NA
"725",694,7,11,37,45,NA,NA
"726",695,5,12,22,44,NA,NA
"727",696,8,11,22,37,NA,NA
"728",697,20,29,NA,NA,NA,NA
"729",698,7,9,11,13,37,39
"730",45,NA,NA,NA,NA,NA,NA
"731",699,7,11,37,45,NA,NA
"732",700,3,36,42,49,NA,NA
"733",701,16,32,45,NA,NA,NA
"734",702,21,35,NA,NA,NA,NA
"735",703,0,2,46,NA,NA,NA
"736",704,10,18,44,NA,NA,NA
"737",705,6,15,21,27,28,34
"738",41,46,NA,NA,NA,NA,NA
"739",706,7,11,37,45,NA,NA
"740",707,16,40,NA,NA,NA,NA
"741",708,37,43,NA,NA,NA,NA
"742",709,7,15,29,49,NA,NA
"743",710,12,31,36,48,NA,NA
"744",711,5,22,24,NA,NA,NA
"745",712,12,13,14,32,NA,NA
"746",713,4,5,9,32,NA,NA
"747",714,10,40,44,NA,NA,NA
"748",715,3,18,35,NA,NA,NA
"749",716,1,13,20,31,45,NA
"750",717,37,47,48,NA,NA,NA
"751",718,4,9,NA,NA,NA,NA
"752",719,1,19,NA,NA,NA,NA
"753",720,4,12,31,NA,NA,NA
"754",721,10,33,NA,NA,NA,NA
"755",722,14,44,NA,NA,NA,NA
"756",723,5,15,34,NA,NA,NA
"757",724,23,36,NA,NA,NA,NA
"758",725,5,29,32,35,42,NA
"759",726,3,11,29,NA,NA,NA
"760",727,4,6,8,10,18,22
"761",35,37,NA,NA,NA,NA,NA
"762",728,21,24,27,NA,NA,NA
"763",729,33,39,NA,NA,NA,NA
"764",730,27,28,NA,NA,NA,NA
"765",731,6,10,44,NA,NA,NA
"766",732,22,NA,NA,NA,NA,NA
"767",733,0,46,NA,NA,NA,NA
"768",734,16,32,45,NA,NA,NA
"769",735,3,9,37,42,44,NA
"770",736,19,21,23,27,30,NA
"771",737,5,19,30,NA,NA,NA
"772",738,5,15,19,22,23,NA
"773",739,5,22,NA,NA,NA,NA
"774",740,3,18,35,NA,NA,NA
"775",741,17,29,47,NA,NA,NA
"776",742,12,26,31,36,41,48
"777",743,3,18,35,NA,NA,NA
"778",744,10,NA,NA,NA,NA,NA
"779",745,7,15,NA,NA,NA,NA
"780",746,28,43,49,NA,NA,NA
"781",747,12,27,28,NA,NA,NA
"782",748,1,19,NA,NA,NA,NA
"783",749,17,21,NA,NA,NA,NA
"784",750,0,18,24,43,48,NA
"785",751,16,32,45,NA,NA,NA
"786",752,0,11,33,NA,NA,NA
"787",753,3,NA,NA,NA,NA,NA
"788",754,9,15,40,NA,NA,NA
"789",755,12,30,49,NA,NA,NA
"790",756,45,NA,NA,NA,NA,NA
"791",757,23,24,40,41,43,NA
"792",758,14,40,44,NA,NA,NA
"793",759,15,41,47,NA,NA,NA
"794",760,27,28,29,NA,NA,NA
"795",761,0,2,23,46,NA,NA
"796",762,7,8,11,20,NA,NA
"797",763,6,15,22,32,NA,NA
"798",764,5,13,26,NA,NA,NA
"799",765,2,20,NA,NA,NA,NA
"800",766,1,7,15,48,NA,NA
"801",767,34,45,NA,NA,NA,NA
"802",768,12,24,31,46,NA,NA
"803",769,26,27,28,NA,NA,NA
"804",770,23,24,40,41,NA,NA
"805",771,20,27,29,NA,NA,NA
"806",772,26,NA,NA,NA,NA,NA
"807",773,27,28,NA,NA,NA,NA
"808",774,1,13,29,NA,NA,NA
"809",775,11,23,25,36,38,45
"810",776,17,29,47,NA,NA,NA
"811",777,22,30,39,NA,NA,NA
"812",778,33,42,45,47,NA,NA
"813",779,0,2,12,39,41,46
"814",49,NA,NA,NA,NA,NA,NA
"815",780,12,31,36,48,NA,NA
"816",781,12,17,27,43,45,NA
"817",782,17,47,NA,NA,NA,NA
"818",783,12,31,36,48,NA,NA
"819",784,8,20,29,32,46,NA
"820",785,10,22,23,26,36,NA
"821",786,7,20,26,44,47,NA
"822",787,2,18,27,28,33,NA
"823",788,14,21,23,24,30,42
"824",46,NA,NA,NA,NA,NA,NA
"825",789,18,35,NA,NA,NA,NA
"826",790,1,NA,NA,NA,NA,NA
"827",791,0,14,20,44,46,NA
"828",792,5,7,11,24,27,NA
"829",793,0,18,25,39,NA,NA
"830",794,1,19,27,NA,NA,NA
"831",795,23,24,40,41,43,NA
"832",796,16,NA,NA,NA,NA,NA
"833",797,0,6,28,33,35,46
"834",48,NA,NA,NA,NA,NA,NA
"835",798,1,19,44,NA,NA,NA
"836",799,17,29,47,NA,NA,NA
"837",800,6,31,NA,NA,NA,NA
"838",801,23,24,40,41,43,NA
"839",802,33,42,NA,NA,NA,NA
"840",803,1,3,19,29,31,44
"841",804,17,29,47,NA,NA,NA
"842",805,27,31,32,36,46,NA
"843",806,16,32,45,NA,NA,NA
"844",807,1,19,34,44,NA,NA
"845",808,0,2,7,18,48,NA
"846",809,14,19,NA,NA,NA,NA
"847",810,7,15,49,NA,NA,NA
"848",811,5,13,22,30,NA,NA
"849",812,17,29,47,NA,NA,NA
"850",813,13,27,28,42,48,NA
"851",814,1,5,22,NA,NA,NA
"852",815,4,9,NA,NA,NA,NA
"853",816,7,11,37,45,NA,NA
"854",817,0,3,7,22,37,39
"855",40,NA,NA,NA,NA,NA,NA
"856",818,1,19,NA,NA,NA,NA
"857",819,22,26,NA,NA,NA,NA
"858",820,33,37,42,NA,NA,NA
"859",821,4,8,13,27,28,46
"860",822,27,28,40,NA,NA,NA
"861",823,27,28,NA,NA,NA,NA
"862",824,33,42,NA,NA,NA,NA
"863",825,5,22,NA,NA,NA,NA
"864",826,14,22,44,NA,NA,NA
"865",827,16,32,45,NA,NA,NA
"866",828,3,16,28,48,NA,NA
"867",829,22,23,24,39,NA,NA
"868",830,15,26,28,33,36,NA
"869",831,7,15,49,NA,NA,NA
"870",832,15,22,27,31,33,40
"871",833,18,35,41,43,49,NA
"872",834,4,9,NA,NA,NA,NA
"873",835,12,31,36,NA,NA,NA
"874",836,1,19,28,31,38,44
"875",48,NA,NA,NA,NA,NA,NA
"876",837,4,9,18,NA,NA,NA
"877",838,6,32,34,NA,NA,NA
"878",839,15,42,NA,NA,NA,NA
"879",840,13,27,28,36,NA,NA
"880",841,7,15,22,37,43,49
"881",842,7,30,43,NA,NA,NA
"882",843,15,25,49,NA,NA,NA
"883",844,22,33,41,NA,NA,NA
"884",845,34,NA,NA,NA,NA,NA
"885",846,4,14,21,25,41,NA
"886",847,20,23,33,42,NA,NA
"887",848,9,13,22,42,45,NA
"888",849,0,14,22,29,46,NA
"889",850,1,19,NA,NA,NA,NA
"890",851,3,16,32,45,NA,NA
"891",852,4,9,NA,NA,NA,NA
"892",853,4,9,21,39,NA,NA
"893",854,3,18,39,NA,NA,NA
"894",855,4,13,32,NA,NA,NA
"895",856,17,29,47,NA,NA,NA
"896",857,12,31,36,48,NA,NA
"897",858,14,15,NA,NA,NA,NA
"898",859,23,46,NA,NA,NA,NA
"899",860,5,22,NA,NA,NA,NA
"900",861,3,18,35,NA,NA,NA
"901",862,12,22,47,48,NA,NA
"902",863,3,5,18,35,NA,NA
"903",864,23,24,40,41,NA,NA
"904",865,22,NA,NA,NA,NA,NA
"905",866,8,12,16,18,29,34
"906",49,NA,NA,NA,NA,NA,NA
"907",867,33,34,42,44,NA,NA
"908",868,13,23,24,41,NA,NA
"909",869,23,24,40,41,43,NA
"910",870,13,25,NA,NA,NA,NA
"911",871,5,36,41,42,NA,NA
"912",872,5,22,31,37,47,NA
"913",873,5,7,20,NA,NA,NA
"914",874,4,14,16,37,44,NA
"915",875,3,18,35,NA,NA,NA
"916",876,8,21,29,33,42,NA
"917",877,5,14,18,NA,NA,NA
"918",878,27,NA,NA,NA,NA,NA
"919",879,14,20,22,24,NA,NA
"920",880,1,3,14,31,44,45
"921",47,NA,NA,NA,NA,NA,NA
"922",881,29,36,41,46,NA,NA
"923",882,16,32,45,NA,NA,NA
"924",883,23,24,40,41,43,NA
"925",884,7,11,19,38,42,43
"926",47,NA,NA,NA,NA,NA,NA
"927",885,0,27,28,32,NA,NA
"928",886,0,2,28,41,46,NA
"929",887,23,24,40,41,43,NA
"930",888,3,18,35,NA,NA,NA
"931",889,14,31,NA,NA,NA,NA
"932",890,8,14,44,NA,NA,NA
"933",891,3,14,18,22,35,NA
"934",892,1,3,30,NA,NA,NA
"935",893,6,12,41,44,NA,NA
"936",894,11,30,43,NA,NA,NA
"937",895,7,15,49,NA,NA,NA
"938",896,0,2,46,NA,NA,NA
"939",897,1,17,38,43,NA,NA
"940",898,25,36,NA,NA,NA,NA
"941",899,7,9,27,NA,NA,NA
"942",900,5,13,22,NA,NA,NA
"943",901,12,31,36,48,NA,NA
"944",902,26,39,43,NA,NA,NA
"945",903,12,26,38,NA,NA,NA
"946",904,1,16,20,40,NA,NA
"947",905,23,24,40,41,43,NA
"948",906,6,28,37,38,49,NA
"949",907,14,16,17,18,26,31
"950",908,37,44,NA,NA,NA,NA
"951",909,11,30,NA,NA,NA,NA
"952",910,22,28,41,48,NA,NA
"953",911,12,31,36,48,NA,NA
"954",912,4,5,7,21,NA,NA
"955",913,3,9,18,35,41,NA
"956",914,5,27,28,42,NA,NA
"957",915,5,22,31,NA,NA,NA
"958",916,33,42,NA,NA,NA,NA
"959",917,4,9,15,NA,NA,NA
"960",918,7,11,37,45,NA,NA
"961",919,23,24,40,41,43,NA
"962",920,40,NA,NA,NA,NA,NA
"963",921,1,8,14,19,NA,NA
"964",922,14,31,44,NA,NA,NA
"965",923,6,28,33,39,NA,NA
"966",924,0,6,16,30,39,47
"967",925,12,31,36,NA,NA,NA
"968",926,1,36,46,NA,NA,NA
"969",927,27,42,44,NA,NA,NA
"970",928,4,9,NA,NA,NA,NA
"971",929,20,NA,NA,NA,NA,NA
"972",930,5,22,NA,NA,NA,NA
"973",931,10,16,26,NA,NA,NA
"974",932,13,36,42,NA,NA,NA
"975",933,12,33,42,47,NA,NA
"976",934,4,27,28,NA,NA,NA
"977",935,1,19,39,NA,NA,NA
"978",936,1,16,32,NA,NA,NA
"979",937,12,31,36,NA,NA,NA
"980",938,16,32,41,45,NA,NA
"981",939,16,33,42,NA,NA,NA
"982",940,12,13,31,35,36,41
"983",44,NA,NA,NA,NA,NA,NA
"984",941,6,9,19,24,44,NA
"985",942,23,24,40,41,43,NA
"986",943,5,12,31,36,48,NA
"987",944,0,2,20,44,46,NA
"988",945,3,18,35,NA,NA,NA
"989",946,4,12,14,19,32,48
"990",947,41,NA,NA,NA,NA,NA
"991",948,0,14,44,NA,NA,NA
"992",949,1,10,13,19,25,26
"993",33,39,NA,NA,NA,NA,NA
"994",950,7,15,16,NA,NA,NA
"995",951,4,29,46,NA,NA,NA
"996",952,14,20,40,43,NA,NA
"997",953,7,38,NA,NA,NA,NA
"998",954,3,18,45,47,NA,NA
"999",955,19,29,43,NA,NA,NA
"1000",956,9,16,NA,NA,NA,NA
"1001",957,0,20,42,NA,NA,NA
"1002",958,5,10,32,33,39,44
"1003",959,27,28,NA,NA,NA,NA
"1004",960,5,22,25,29,37,43
"1005",961,19,NA,NA,NA,NA,NA
"1006",962,4,16,34,NA,NA,NA
"1007",963,9,17,44,45,NA,NA
"1008",964,7,15,29,NA,NA,NA
"1009",965,7,11,27,37,39,45
"1010",49,NA,NA,NA,NA,NA,NA
"1011",966,12,31,36,48,NA,NA
"1012",967,34,49,NA,NA,NA,NA
"1013",968,31,NA,NA,NA,NA,NA
"1014",969,25,33,42,45,NA,NA
"1015",970,16,27,32,45,NA,NA
"1016",971,25,41,NA,NA,NA,NA
"1017",972,6,9,15,24,25,40
"1018",45,NA,NA,NA,NA,NA,NA
"1019",973,7,8,9,11,29,37
"1020",45,NA,NA,NA,NA,NA,NA
"1021",974,21,36,NA,NA,NA,NA
"1022",975,5,7,14,17,22,NA
"1023",976,38,40,NA,NA,NA,NA
"1024",977,2,7,15,22,25,33
"1025",41,NA,NA,NA,NA,NA,NA
"1026",978,27,28,NA,NA,NA,NA
"1027",979,16,32,45,NA,NA,NA
"1028",980,8,18,28,NA,NA,NA
"1029",981,13,NA,NA,NA,NA,NA
"1030",982,41,NA,NA,NA,NA,NA
"1031",983,27,28,38,48,NA,NA
"1032",984,3,18,35,NA,NA,NA
"1033",985,16,20,32,36,NA,NA
"1034",986,16,32,45,NA,NA,NA
"1035",987,4,9,NA,NA,NA,NA
"1036",988,22,31,39,NA,NA,NA
"1037",989,0,2,46,NA,NA,NA
"1038",990,34,NA,NA,NA,NA,NA
"1039",991,0,2,46,NA,NA,NA
"1040",992,0,NA,NA,NA,NA,NA
"1041",993,3,6,13,NA,NA,NA
"1042",994,3,29,44,NA,NA,NA
"1043",995,9,27,28,45,NA,NA
"1044",996,2,10,22,31,33,46
"1045",997,2,6,22,32,NA,NA
"1046",998,0,4,9,30,33,NA
"1047",999,3,18,35,NA,NA,NA
"1048",1000,15,34,47,NA,NA,NA
